System.Collections.Generic.Dictionary`2[System.Char,System.String]
System.Collections.Generic.Dictionary`2[System.Char,System.String]
System.Collections.Generic.Dictionary`2[System.Char,System.String]
System.Collections.Generic.Dictionary`2[System.Char,System.String]
System.Collections.Generic.Dictionary`2[System.Char,System.String]
System.Collections.Generic.Dictionary`2[System.Char,System.String]
System.Collections.Generic.Dictionary`2[System.Char,System.String]
System.Collections.Generic.Dictionary`2[System.Char,System.String]
System.Collections.Generic.Dictionary`2[System.Char,System.String]
System.Collections.Generic.Dictionary`2[System.Char,System.String]
System.Collections.Generic.Dictionary`2[System.Char,System.String]
System.Collections.Generic.Dictionary`2[System.Char,System.String]
System.Collections.Generic.Dictionary`2[System.Char,System.String]
System.Collections.Generic.Dictionary`2[System.Char,System.String]
System.Collections.Generic.Dictionary`2[System.Char,System.String]
System.Collections.Generic.Dictionary`2[System.Char,System.String]
System.Collections.Generic.Dictionary`2[System.Char,System.String]
System.Collections.Generic.Dictionary`2[System.Char,System.String]
System.Collections.Generic.Dictionary`2[System.Char,System.String]
System.Collections.Generic.Dictionary`2[System.Char,System.String]
System.Collections.Generic.Dictionary`2[System.Char,System.String]
System.Collections.Generic.Dictionary`2[System.Char,System.String]
System.Collections.Generic.Dictionary`2[System.Char,System.String]
System.Collections.Generic.Dictionary`2[System.Char,System.String]
System.Collections.Generic.Dictionary`2[System.Char,System.String]
System.Collections.Generic.Dictionary`2[System.Char,System.String]
System.Collections.Generic.Dictionary`2[System.Char,System.String]
System.Collections.Generic.Dictionary`2[System.Char,System.String]
System.Collections.Generic.Dictionary`2[System.Char,System.String]
System.Collections.Generic.Dictionary`2[System.Char,System.String]
System.Collections.Generic.Dictionary`2[System.Char,System.String]
System.Collections.Generic.Dictionary`2[System.Char,System.String]
System.Collections.Generic.Dictionary`2[System.Char,System.String]
System.Collections.Generic.Dictionary`2[System.Char,System.String]
System.Collections.Generic.Dictionary`2[System.Char,System.String]
System.Collections.Generic.Dictionary`2[System.Char,System.String]
